{
  "version": "v1.0",
  "model_type": "XGBoostClassifier",
  "trained_date": "2025-11-14T05:59:26.818961",
  "feature_columns": [
    "url_length",
    "num_dots",
    "has_at_symbol",
    "path_depth",
    "domain_entropy",
    "num_forms",
    "has_password_field",
    "is_https",
    "suspicious_tld"
  ],
  "feature_importance": {
    "url_length": 0.0,
    "num_dots": 0.0,
    "has_at_symbol": 0.0,
    "path_depth": 0.0,
    "domain_entropy": 0.0,
    "num_forms": 0.0,
    "has_password_field": 0.0,
    "is_https": 0.0,
    "suspicious_tld": 0.0
  },
  "metrics": {
    "accuracy": 0.3333333333333333,
    "f1_score": 0.5,
    "precision": 0.3333333333333333,
    "recall": 1.0
  },
  "hyperparameters": {
    "n_estimators": 50,
    "max_depth": 4,
    "learning_rate": 0.1
  },
  "trees": [
    {
      "nodeid": 0,
      "leaf": 0.0514765345
    },
    {
      "nodeid": 0,
      "leaf": 0.0202977937
    },
    {
      "nodeid": 0,
      "leaf": -0.0426144451
    },
    {
      "nodeid": 0,
      "leaf": -0.0190160945
    },
    {
      "nodeid": 0,
      "leaf": 0.00597610278
    },
    {
      "nodeid": 0,
      "leaf": -0.0182190612
    },
    {
      "nodeid": 0,
      "leaf": 0.000256822823
    },
    {
      "nodeid": 0,
      "leaf": 0
    },
    {
      "nodeid": 0,
      "leaf": -0.0383109227
    },
    {
      "nodeid": 0,
      "leaf": 0
    },
    {
      "nodeid": 0,
      "leaf": -0.0147925485
    },
    {
      "nodeid": 0,
      "leaf": 0.00359151396
    },
    {
      "nodeid": 0,
      "leaf": 0.00336500257
    },
    {
      "nodeid": 0,
      "leaf": 0.0260217991
    },
    {
      "nodeid": 0,
      "leaf": 0.00772776408
    },
    {
      "nodeid": 0,
      "leaf": 0.0240737107
    },
    {
      "nodeid": 0,
      "leaf": 0.0226880312
    },
    {
      "nodeid": 0,
      "leaf": 0.00475590816
    },
    {
      "nodeid": 0,
      "leaf": 0.0211118981
    },
    {
      "nodeid": 0,
      "leaf": -0.00356810587
    },
    {
      "nodeid": 0,
      "leaf": -0.00334214093
    },
    {
      "nodeid": 0,
      "leaf": -0.020383263
    },
    {
      "nodeid": 0,
      "leaf": 0.00483364332
    },
    {
      "nodeid": 0,
      "leaf": 0.00457010046
    },
    {
      "nodeid": 0,
      "leaf": 0.00432096468
    },
    {
      "nodeid": 0,
      "leaf": -0.0199750084
    },
    {
      "nodeid": 0,
      "leaf": 0
    },
    {
      "nodeid": 0,
      "leaf": 0.0218254477
    },
    {
      "nodeid": 0,
      "leaf": -0.00282618334
    },
    {
      "nodeid": 0,
      "leaf": -0.00264732679
    },
    {
      "nodeid": 0,
      "leaf": 0.0208870526
    },
    {
      "nodeid": 0,
      "leaf": -0.0210342295
    },
    {
      "nodeid": 0,
      "leaf": -0.00247050147
    },
    {
      "nodeid": 0,
      "leaf": -0.00231420458
    },
    {
      "nodeid": 0,
      "leaf": 0
    },
    {
      "nodeid": 0,
      "leaf": 0.0211699549
    },
    {
      "nodeid": 0,
      "leaf": 0.0199563298
    },
    {
      "nodeid": 0,
      "leaf": 0.00230975938
    },
    {
      "nodeid": 0,
      "leaf": -0.00491882442
    },
    {
      "nodeid": 0,
      "leaf": -0.0218148455
    },
    {
      "nodeid": 0,
      "leaf": 0.0487914532
    },
    {
      "nodeid": 0,
      "leaf": -0.0234776717
    },
    {
      "nodeid": 0,
      "leaf": -0.00482878601
    },
    {
      "nodeid": 0,
      "leaf": 0.047762353
    },
    {
      "nodeid": 0,
      "leaf": -7.99290792e-05
    },
    {
      "nodeid": 0,
      "leaf": 0.0453858748
    },
    {
      "nodeid": 0,
      "leaf": -0.00255250931
    },
    {
      "nodeid": 0,
      "leaf": -0.0273374151
    },
    {
      "nodeid": 0,
      "leaf": -0.0256367531
    },
    {
      "nodeid": 0,
      "leaf": 0.000477531517
    }
  ]
}